id,title,published_at,url,file_path,status,char_count,error
1,零星,2026-03-08,https://www.yanxuan.org/yanxuan/B/%E4%B8%8D%E6%80%9D%E8%80%8C%E6%9D%A5/%E9%9B%B6%E6%98%9F/,articles/0001-零星.txt,ok,16862,
2,旧时雨,2026-03-08,https://www.yanxuan.org/yanxuan/M/%E6%9A%AE%E5%AD%90%E8%A7%84/%E6%97%A7%E6%97%B6%E9%9B%A8/,articles/0002-旧时雨.txt,ok,12005,
3,真千金爹味太重,2026-03-08,https://www.yanxuan.org/yanxuan/S/%E6%9D%BE%E7%92%90%E5%AD%90/%E7%9C%9F%E5%8D%83%E9%87%91%E7%88%B9%E5%91%B3%E5%A4%AA%E9%87%8D/,articles/0003-真千金爹味太重.txt,ok,10372,
4,扶光和鸾,2026-03-07,https://www.yanxuan.org/yanxuan/Y/%E9%87%8E%E5%85%94%E6%8D%A3%E8%8D%AF/%E6%89%B6%E5%85%89%E5%92%8C%E9%B8%BE/,articles/0004-扶光和鸾.txt,ok,13277,
5,驯龙法则,2026-03-05,https://www.yanxuan.org/yanxuan/Y/%E4%B8%80%E5%B7%9D%E7%83%9F%E8%8D%89/%E9%A9%AF%E9%BE%99%E6%B3%95%E5%88%99/,articles/0005-驯龙法则.txt,ok,12097,
6,40度高温，爸妈拆我房间的空调,2026-03-04,https://www.yanxuan.org/yanxuan/L/lafeichi/40%E5%BA%A6%E9%AB%98%E6%B8%A9%E7%88%B8%E5%A6%88%E6%8B%86%E6%88%91%E6%88%BF%E9%97%B4%E7%9A%84%E7%A9%BA%E8%B0%83/,articles/0006-40度高温，爸妈拆我房间的空调.txt,ok,11256,
7,我佛慈悲，一刀杀了,2026-03-04,https://www.yanxuan.org/yanxuan/B/%E5%85%AB%E4%B8%87%E6%98%A5/%E6%88%91%E4%BD%9B%E6%85%88%E6%82%B2%E4%B8%80%E5%88%80%E6%9D%80%E4%BA%86/,articles/0007-我佛慈悲，一刀杀了.txt,ok,11894,
8,心迷宫,2026-03-04,https://www.yanxuan.org/yanxuan/H/%E6%B5%B7%E7%BB%B5%E5%B0%8F%E8%A3%A4%E8%A1%A9/%E5%BF%83%E8%BF%B7%E5%AE%AB/,articles/0008-心迷宫.txt,ok,10526,
9,我不好惹,2026-03-04,https://www.yanxuan.org/yanxuan/H/%E7%BA%A2%E9%A2%86%E5%B7%BE/%E6%88%91%E4%B8%8D%E5%A5%BD%E6%83%B9/,articles/0009-我不好惹.txt,ok,11571,
10,抓走了校霸的戒指怎么办,2026-03-04,https://www.yanxuan.org/yanxuan/J/%E9%85%B1%E9%85%B1%E7%84%97%E9%A5%AD/%E6%8A%93%E8%B5%B0%E4%BA%86%E6%A0%A1%E9%9C%B8%E7%9A%84%E6%88%92%E6%8C%87%E6%80%8E%E4%B9%88%E5%8A%9E/,articles/0010-抓走了校霸的戒指怎么办.txt,ok,12242,
11,男二不想上位,2026-03-04,https://www.yanxuan.org/yanxuan/J/%E4%B9%9D%E6%9C%88%E4%B8%89/%E7%94%B7%E4%BA%8C%E4%B8%8D%E6%83%B3%E4%B8%8A%E4%BD%8D/,articles/0011-男二不想上位.txt,ok,12854,
12,商黎,2026-03-04,https://www.yanxuan.org/yanxuan/J/%E5%90%9B%E6%9C%AA%E5%AB%81%E5%B0%8F%E5%A7%90/%E5%95%86%E9%BB%8E/,articles/0012-商黎.txt,ok,10741,
13,我想撸高冷校草的猫,2026-03-04,https://www.yanxuan.org/yanxuan/P/%E7%9A%AE%E5%8D%A1%E7%B3%96%E8%80%81%E5%AD%97%E5%8F%B7/%E6%88%91%E6%83%B3%E6%92%B8%E9%AB%98%E5%86%B7%E6%A0%A1%E8%8D%89%E7%9A%84%E7%8C%AB/,articles/0013-我想撸高冷校草的猫.txt,ok,12975,
14,你惹她干什么，她可是倒数第一,2026-03-04,https://www.yanxuan.org/yanxuan/Q/%E7%A7%A6%E7%9B%B8%E6%80%9D/%E4%BD%A0%E6%83%B9%E5%A5%B9%E5%B9%B2%E4%BB%80%E4%B9%88%E5%A5%B9%E5%8F%AF%E6%98%AF%E5%80%92%E6%95%B0%E7%AC%AC%E4%B8%80/,articles/0014-你惹她干什么，她可是倒数第一.txt,ok,11013,
15,是撒旦，不是圣诞,2026-03-04,https://www.yanxuan.org/yanxuan/T/%E7%94%9C%E8%B1%86%E6%98%8F%E8%BF%B7/%E6%98%AF%E6%92%92%E6%97%A6%E4%B8%8D%E6%98%AF%E5%9C%A3%E8%AF%9E/,articles/0015-是撒旦，不是圣诞.txt,ok,11883,
16,吻颜,2026-03-04,https://www.yanxuan.org/yanxuan/X/%E5%A4%8F%E9%97%BB%E7%A7%8B/%E5%90%BB%E9%A2%9C/,articles/0016-吻颜.txt,ok,14954,
17,商店火字,2026-03-04,https://www.yanxuan.org/yanxuan/X/%E5%B0%8F%E9%BB%91%E7%8C%AB%E6%9A%B4%E5%AF%8C/%E5%95%86%E5%BA%97%E7%81%AB%E5%AD%97/,articles/0017-商店火字.txt,ok,17715,
18,一树浮生,2026-03-04,https://www.yanxuan.org/yanxuan/Y/%E7%83%9F%E7%81%B0/%E4%B8%80%E6%A0%91%E6%B5%AE%E7%94%9F/,articles/0018-一树浮生.txt,ok,11569,
19,把不要的备胎卖给室友后,2026-03-04,https://www.yanxuan.org/yanxuan/Y/%E5%8F%B6%E7%8E%96%E6%B4%B2/%E6%8A%8A%E4%B8%8D%E8%A6%81%E7%9A%84%E5%A4%87%E8%83%8E%E5%8D%96%E7%BB%99%E5%AE%A4%E5%8F%8B%E5%90%8E/,articles/0019-把不要的备胎卖给室友后.txt,ok,13509,
20,春日无雨,2026-03-04,https://www.yanxuan.org/yanxuan/Y/%E4%B8%80%E4%B8%A4%E9%87%91/%E6%98%A5%E6%97%A5%E6%97%A0%E9%9B%A8/,articles/0020-春日无雨.txt,ok,11838,
21,对室友的老婆一见钟情后,2026-03-04,https://www.yanxuan.org/yanxuan/Y/%E4%B8%8E%E5%A4%8F/%E5%AF%B9%E5%AE%A4%E5%8F%8B%E7%9A%84%E8%80%81%E5%A9%86%E4%B8%80%E8%A7%81%E9%92%9F%E6%83%85%E5%90%8E/,articles/0021-对室友的老婆一见钟情后.txt,ok,13440,
22,四野星芒,2026-03-04,https://www.yanxuan.org/yanxuan/Z/%E5%AD%90%E8%A5%BF%E6%AC%A2/%E5%9B%9B%E9%87%8E%E6%98%9F%E8%8A%92/,articles/0022-四野星芒.txt,ok,10647,
23,梧桐,2026-02-07,https://www.yanxuan.org/yanxuan/L/%E7%83%88%E7%81%AB%E6%9E%AF%E6%9E%9D/%E6%A2%A7%E6%A1%90/,articles/0023-梧桐.txt,ok,12448,
24,好命,2026-01-28,https://www.yanxuan.org/yanxuan/N/%E5%AB%A9%E6%A4%92%E7%89%9B%E6%9F%B3/%E5%A5%BD%E5%91%BD/,articles/0024-好命.txt,ok,33926,
25,不做笼中雀,2025-12-21,https://www.yanxuan.org/yanxuan/T/%E7%94%9C%E7%86%99%E7%86%99/%E4%B8%8D%E5%81%9A%E7%AC%BC%E4%B8%AD%E9%9B%80/,articles/0025-不做笼中雀.txt,ok,17406,
26,脱敏式分手,2025-12-21,https://www.yanxuan.org/yanxuan/W/%E5%A6%84%E5%8D%83%E9%9B%AA/%E8%84%B1%E6%95%8F%E5%BC%8F%E5%88%86%E6%89%8B/,articles/0026-脱敏式分手.txt,ok,12625,
27,脸盲的我嫁了三个夫君,2025-12-21,https://www.yanxuan.org/yanxuan/W/%E6%88%91%E7%88%B1%E5%90%83%E9%B1%BC/%E8%84%B8%E7%9B%B2%E7%9A%84%E6%88%91%E5%AB%81%E4%BA%86%E4%B8%89%E4%B8%AA%E5%A4%AB%E5%90%9B/,articles/0027-脸盲的我嫁了三个夫君.txt,ok,11280,
28,天使吻痕,2025-12-20,https://www.yanxuan.org/yanxuan/B/%E7%99%BD%E6%A1%86%E5%87%89%E5%A4%AA%E5%AD%90/%E5%A4%A9%E4%BD%BF%E5%90%BB%E7%97%95/,articles/0028-天使吻痕.txt,ok,19054,
29,心尖宠是白眼狼，统统发卖！,2025-12-20,https://www.yanxuan.org/yanxuan/C/%E8%8D%89%E8%8E%93%E5%A4%B9%E5%BF%83/%E5%BF%83%E5%B0%96%E5%AE%A0%E6%98%AF%E7%99%BD%E7%9C%BC%E7%8B%BC%E7%BB%9F%E7%BB%9F%E5%8F%91%E5%8D%96/,articles/0029-心尖宠是白眼狼，统统发卖！.txt,ok,10526,
30,另一个我,2025-12-20,https://www.yanxuan.org/yanxuan/C/%E8%8D%89%E8%8E%93%E7%86%8A%E5%96%9D%E5%8F%AF%E4%B9%90/%E5%8F%A6%E4%B8%80%E4%B8%AA%E6%88%91/,articles/0030-另一个我.txt,ok,11627,
31,似曾相识燕归来,2025-12-20,https://www.yanxuan.org/yanxuan/C/%E6%9C%9D%E9%9C%B2%E4%BD%95%E6%9E%AF/%E4%BC%BC%E6%9B%BE%E7%9B%B8%E8%AF%86%E7%87%95%E5%BD%92%E6%9D%A5/,articles/0031-似曾相识燕归来.txt,ok,12777,
32,似曾相识燕归来,2025-12-20,https://www.yanxuan.org/yanxuan/J/%E8%95%89%E4%B8%8B%E5%AE%A2/%E4%BC%BC%E6%9B%BE%E7%9B%B8%E8%AF%86%E7%87%95%E5%BD%92%E6%9D%A5/,articles/0032-似曾相识燕归来.txt,ok,12623,
33,第六次攻略,2025-12-20,https://www.yanxuan.org/yanxuan/L/%E6%9E%97%E6%B9%BE%E6%B9%BE/%E7%AC%AC%E5%85%AD%E6%AC%A1%E6%94%BB%E7%95%A5/,articles/0033-第六次攻略.txt,ok,33676,
34,拜金女配看到弹幕后,2025-12-20,https://www.yanxuan.org/yanxuan/M/%E8%90%8C%E7%8E%8B/%E6%8B%9C%E9%87%91%E5%A5%B3%E9%85%8D%E7%9C%8B%E5%88%B0%E5%BC%B9%E5%B9%95%E5%90%8E/,articles/0034-拜金女配看到弹幕后.txt,ok,15090,
35,落月,2025-12-20,https://www.yanxuan.org/yanxuan/Q/%E5%B7%A7%E5%85%8B%E5%8A%9B%E9%98%BF%E5%8D%8E%E7%94%9C/%E8%90%BD%E6%9C%88/,articles/0035-落月.txt,ok,19425,
36,男朋友的极限房贷,2025-12-20,https://www.yanxuan.org/yanxuan/Y/%E7%83%9F%E8%8A%B1%E4%B8%89%E6%9C%88/%E7%94%B7%E6%9C%8B%E5%8F%8B%E7%9A%84%E6%9E%81%E9%99%90%E6%88%BF%E8%B4%B7/,articles/0036-男朋友的极限房贷.txt,ok,13878,
37,似曾相识燕归来,2025-12-20,https://www.yanxuan.org/yanxuan/Y/%E5%9C%86%E5%A4%B4%E5%9C%86%E8%84%91%E5%9C%86%E8%82%9A%E7%9A%AE/%E4%BC%BC%E6%9B%BE%E7%9B%B8%E8%AF%86%E7%87%95%E5%BD%92%E6%9D%A5/,articles/0037-似曾相识燕归来.txt,ok,13232,
38,解甲,2025-12-06,https://www.yanxuan.org/novel/B/%E5%85%AB%E6%9D%A1%E7%9C%8B%E9%9B%AA/%E8%A7%A3%E7%94%B2/,articles/0038-解甲.txt,ok,840041,
39,解甲归甜,2025-12-06,https://www.yanxuan.org/yanxuan/B/%E5%86%B0%E7%BE%8E%E5%BC%8F%E4%B8%8D%E5%8A%A0%E7%B3%96/%E8%A7%A3%E7%94%B2%E5%BD%92%E7%94%9C/,articles/0039-解甲归甜.txt,ok,14052,
40,柠歌,2025-12-06,https://www.yanxuan.org/yanxuan/L/%E5%86%B7%E5%90%9B%E5%AD%90/%E6%9F%A0%E6%AD%8C/,articles/0040-柠歌.txt,ok,12969,
41,将嫁,2025-12-06,https://www.yanxuan.org/novel/R/%E7%BB%95%E6%A2%81%E4%B8%89%E6%97%A5/%E5%B0%86%E5%AB%81/,articles/0041-将嫁.txt,ok,292157,
42,何不同舟渡,2025-12-06,https://www.yanxuan.org/novel/X/%E7%BE%A1%E9%B1%BC%E7%8F%82/%E4%BD%95%E4%B8%8D%E5%90%8C%E8%88%9F%E6%B8%A1/,articles/0042-何不同舟渡.txt,ok,486282,
43,永失永忘,2025-12-02,https://www.yanxuan.org/yanxuan/S/%E8%82%86%E5%B9%B4/%E6%B0%B8%E5%A4%B1%E6%B0%B8%E5%BF%98/,articles/0043-永失永忘.txt,ok,17322,
44,男朋友总觉得我要和他分手,2025-11-30,https://www.yanxuan.org/yanxuan/B/bibi%E4%B8%8D%E6%87%82/%E7%94%B7%E6%9C%8B%E5%8F%8B%E6%80%BB%E8%A7%89%E5%BE%97%E6%88%91%E8%A6%81%E5%92%8C%E4%BB%96%E5%88%86%E6%89%8B/,articles/0044-男朋友总觉得我要和他分手.txt,ok,15830,
45,掌公主和亲历险记,2025-11-30,https://www.yanxuan.org/yanxuan/H/%E7%B3%8A%E7%B2%A5%E7%B2%A5/%E6%8E%8C%E5%85%AC%E4%B8%BB%E5%92%8C%E4%BA%B2%E5%8E%86%E9%99%A9%E8%AE%B0/,articles/0045-掌公主和亲历险记.txt,ok,11428,
46,香包赠情郎,2025-11-30,https://www.yanxuan.org/yanxuan/J/%E5%B1%85%E6%9C%89%E7%8C%AB/%E9%A6%99%E5%8C%85%E8%B5%A0%E6%83%85%E9%83%8E/,articles/0046-香包赠情郎.txt,ok,17310,
47,意外穿成修仙文女配的剑灵后,2025-11-30,https://www.yanxuan.org/yanxuan/L/%E9%AA%86%E9%AA%86%E5%A5%BD%E8%BF%90%E6%BB%A1%E6%80%80/%E6%84%8F%E5%A4%96%E7%A9%BF%E6%88%90%E4%BF%AE%E4%BB%99%E6%96%87%E5%A5%B3%E9%85%8D%E7%9A%84%E5%89%91%E7%81%B5%E5%90%8E/,articles/0047-意外穿成修仙文女配的剑灵后.txt,ok,11145,
48,竹马被别人攻略了,2025-11-30,https://www.yanxuan.org/yanxuan/M/%E6%85%95%E6%96%AF%E8%9B%8B%E7%B3%95/%E7%AB%B9%E9%A9%AC%E8%A2%AB%E5%88%AB%E4%BA%BA%E6%94%BB%E7%95%A5%E4%BA%86/,articles/0048-竹马被别人攻略了.txt,ok,41240,
49,逝水,2025-11-30,https://www.yanxuan.org/yanxuan/S/%E5%9C%A3%E7%81%AB%E5%96%B5%E5%96%B5%E6%95%99/%E9%80%9D%E6%B0%B4/,articles/0049-逝水.txt,ok,11850,
50,我就是这样女子,2025-11-30,https://www.yanxuan.org/yanxuan/Y/%E9%A2%9C%E8%87%AA%E8%BF%A9/%E6%88%91%E5%B0%B1%E6%98%AF%E8%BF%99%E6%A0%B7%E5%A5%B3%E5%AD%90/,articles/0050-我就是这样女子.txt,ok,18435,
51,小丑,2025-11-30,https://www.yanxuan.org/yanxuan/Y/%E6%9C%88%E5%8D%8A%E9%9A%90%E9%9A%90/%E5%B0%8F%E4%B8%91/,articles/0051-小丑.txt,ok,11964,
52,我到底哪个老公出轨了,2025-11-28,https://www.yanxuan.org/yanxuan/B/%E7%99%BD%E6%B3%BD%E4%B8%A7%E8%91%AC%E7%94%A8%E5%93%81%E5%BA%97/%E6%88%91%E5%88%B0%E5%BA%95%E5%93%AA%E4%B8%AA%E8%80%81%E5%85%AC%E5%87%BA%E8%BD%A8%E4%BA%86/,articles/0052-我到底哪个老公出轨了.txt,ok,12746,
53,反派被我驳傻了,2025-11-28,https://www.yanxuan.org/yanxuan/D/%E6%B8%A1%E7%BE%BD/%E5%8F%8D%E6%B4%BE%E8%A2%AB%E6%88%91%E9%A9%B3%E5%82%BB%E4%BA%86/,articles/0053-反派被我驳傻了.txt,ok,17228,
54,尤苓到底暗恋谁,2025-11-28,https://www.yanxuan.org/yanxuan/G/%E5%9B%BD%E5%AE%B6%E4%B8%80%E7%BA%A7%E6%91%B8%E9%B1%BC%E5%AD%A6%E8%80%85/%E5%B0%A4%E8%8B%93%E5%88%B0%E5%BA%95%E6%9A%97%E6%81%8B%E8%B0%81/,articles/0054-尤苓到底暗恋谁.txt,ok,16171,
55,假千金竹马团轮流勾引我怎么办,2025-11-28,https://www.yanxuan.org/yanxuan/J/%E6%B8%90%E5%A4%8F/%E5%81%87%E5%8D%83%E9%87%91%E7%AB%B9%E9%A9%AC%E5%9B%A2%E8%BD%AE%E6%B5%81%E5%8B%BE%E5%BC%95%E6%88%91%E6%80%8E%E4%B9%88%E5%8A%9E/,articles/0055-假千金竹马团轮流勾引我怎么办.txt,ok,16705,
56,此消彼长,2025-11-22,https://www.yanxuan.org/yanxuan/C/%E9%93%96%E4%B8%80/%E6%AD%A4%E6%B6%88%E5%BD%BC%E9%95%BF/,articles/0056-此消彼长.txt,ok,12829,
57,人类公敌,2025-11-22,https://www.yanxuan.org/yanxuan/F/%E5%B0%81%E5%B0%98/%E4%BA%BA%E7%B1%BB%E5%85%AC%E6%95%8C/,articles/0057-人类公敌.txt,ok,43714,
58,柜中人,2025-11-22,https://www.yanxuan.org/yanxuan/F/%E6%B5%AE%E7%99%BD/%E6%9F%9C%E4%B8%AD%E4%BA%BA/,articles/0058-柜中人.txt,ok,16083,
59,拜宿敌为师后,2025-11-22,https://www.yanxuan.org/yanxuan/G/%E9%A1%BE%E5%AF%92%E6%84%8F/%E6%8B%9C%E5%AE%BF%E6%95%8C%E4%B8%BA%E5%B8%88%E5%90%8E/,articles/0059-拜宿敌为师后.txt,ok,10596,
60,城南花开风又吹,2025-11-22,https://www.yanxuan.org/yanxuan/J/%E6%A9%98%E5%AD%90%E5%91%B3%E7%9A%84%E6%B1%BD%E6%B0%B4/%E5%9F%8E%E5%8D%97%E8%8A%B1%E5%BC%80%E9%A3%8E%E5%8F%88%E5%90%B9/,articles/0060-城南花开风又吹.txt,ok,14123,
61,我是贵族学校里的假团宠,2025-11-22,https://www.yanxuan.org/yanxuan/T/%E5%A4%AA%E9%98%B3%E5%91%B3%E9%81%93%E7%9A%84%E5%B0%8F%E7%8B%97/%E6%88%91%E6%98%AF%E8%B4%B5%E6%97%8F%E5%AD%A6%E6%A0%A1%E9%87%8C%E7%9A%84%E5%81%87%E5%9B%A2%E5%AE%A0/,articles/0061-我是贵族学校里的假团宠.txt,ok,13190,
62,第三种可能,2025-11-22,https://www.yanxuan.org/yanxuan/T/%E5%9C%9F%E8%B1%86%E8%8A%B1/%E7%AC%AC%E4%B8%89%E7%A7%8D%E5%8F%AF%E8%83%BD/,articles/0062-第三种可能.txt,ok,11705,
63,网恋对象劝我别恋了,2025-11-22,https://www.yanxuan.org/yanxuan/Y/%E5%92%AC%E4%B8%80%E9%A2%97%E7%B3%96%E7%B3%96%E7%B3%96/%E7%BD%91%E6%81%8B%E5%AF%B9%E8%B1%A1%E5%8A%9D%E6%88%91%E5%88%AB%E6%81%8B%E4%BA%86/,articles/0063-网恋对象劝我别恋了.txt,ok,21296,
64,前男友硬说我家崽是他的种！,2025-11-22,https://www.yanxuan.org/yanxuan/Z/%E5%91%A8%E6%BB%A1%E5%AE%9D/%E5%89%8D%E7%94%B7%E5%8F%8B%E7%A1%AC%E8%AF%B4%E6%88%91%E5%AE%B6%E5%B4%BD%E6%98%AF%E4%BB%96%E7%9A%84%E7%A7%8D/,articles/0064-前男友硬说我家崽是他的种！.txt,ok,12626,
65,祈愿,2025-11-03,https://www.yanxuan.org/yanxuan/D/%E5%A4%A7%E5%AE%B6%E4%B8%80%E8%B5%B7%E5%A5%94%E5%B0%8F%E5%BA%B7/%E7%A5%88%E6%84%BF/,articles/0065-祈愿.txt,ok,11560,
66,末世哭包最好命,2025-11-03,https://www.yanxuan.org/yanxuan/D/%E5%A4%9A%E8%B4%A2%E5%A4%9A%E4%BA%BF%E7%9A%84%E5%A4%A7%E9%A5%BC/%E6%9C%AB%E4%B8%96%E5%93%AD%E5%8C%85%E6%9C%80%E5%A5%BD%E5%91%BD/,articles/0066-末世哭包最好命.txt,ok,14879,
67,一念轻沉,2025-11-03,https://www.yanxuan.org/yanxuan/K/%E7%A9%BA%E5%9F%8E/%E4%B8%80%E5%BF%B5%E8%BD%BB%E6%B2%89/,articles/0067-一念轻沉.txt,ok,32851,
68,宫斗胜利者的养成,2025-11-03,https://www.yanxuan.org/yanxuan/L/%E9%99%86%E5%8D%81%E4%B9%9D/%E5%AE%AB%E6%96%97%E8%83%9C%E5%88%A9%E8%80%85%E7%9A%84%E5%85%BB%E6%88%90/,articles/0068-宫斗胜利者的养成.txt,ok,21953,
69,土著表演指南,2025-11-03,https://www.yanxuan.org/yanxuan/M/%E5%AD%9F%E9%98%B3%E6%8B%BE%E8%82%86/%E5%9C%9F%E8%91%97%E8%A1%A8%E6%BC%94%E6%8C%87%E5%8D%97/,articles/0069-土著表演指南.txt,ok,18523,
70,不苦,2025-11-03,https://www.yanxuan.org/yanxuan/M/%E6%9C%A8%E7%81%B5%E5%B8%8C/%E4%B8%8D%E8%8B%A6/,articles/0070-不苦.txt,ok,16096,
71,死后十年我回来了,2025-11-03,https://www.yanxuan.org/yanxuan/S/%E5%9B%9B%E4%B8%8D%E7%B3%8A/%E6%AD%BB%E5%90%8E%E5%8D%81%E5%B9%B4%E6%88%91%E5%9B%9E%E6%9D%A5%E4%BA%86/,articles/0071-死后十年我回来了.txt,ok,11754,
72,蛇仙许我三个心愿,2025-11-03,https://www.yanxuan.org/yanxuan/T/%E7%82%AD%E5%88%87%E9%85%B8%E4%BB%81/%E8%9B%87%E4%BB%99%E8%AE%B8%E6%88%91%E4%B8%89%E4%B8%AA%E5%BF%83%E6%84%BF/,articles/0072-蛇仙许我三个心愿.txt,ok,15631,
73,恶意招惹,2025-11-03,https://www.yanxuan.org/yanxuan/Y/%E4%B8%80%E9%A2%97%E7%94%9F%E8%8F%9C/%E6%81%B6%E6%84%8F%E6%8B%9B%E6%83%B9/,articles/0073-恶意招惹.txt,ok,15813,
74,婆婆给我请保姆后,2025-11-03,https://www.yanxuan.org/yanxuan/Y/%E6%9C%89%E9%A3%8E/%E5%A9%86%E5%A9%86%E7%BB%99%E6%88%91%E8%AF%B7%E4%BF%9D%E5%A7%86%E5%90%8E/,articles/0074-婆婆给我请保姆后.txt,ok,10614,
75,少爷和张妈,2025-11-03,https://www.yanxuan.org/yanxuan/Y/%E5%BE%A1%E5%B9%B8%E5%A4%AA%E5%A4%AA/%E5%B0%91%E7%88%B7%E5%92%8C%E5%BC%A0%E5%A6%88/,articles/0075-少爷和张妈.txt,ok,10681,
76,我的小妍,2025-11-03,https://www.yanxuan.org/yanxuan/Z/%E6%B5%99%E4%B8%89%E7%88%B7/%E6%88%91%E7%9A%84%E5%B0%8F%E5%A6%8D/,articles/0076-我的小妍.txt,ok,12095,
77,双生花,2025-11-03,https://www.yanxuan.org/yanxuan/Z/%E8%93%81%E8%93%81%E7%8E%89/%E5%8F%8C%E7%94%9F%E8%8A%B1/,articles/0077-双生花.txt,ok,21179,
78,寂寞沙洲冷,2025-11-03,https://www.yanxuan.org/yanxuan/Z/%E8%BD%AC%E7%9C%BC/%E5%AF%82%E5%AF%9E%E6%B2%99%E6%B4%B2%E5%86%B7/,articles/0078-寂寞沙洲冷.txt,ok,13240,
79,双向奔赴,2025-11-02,https://www.yanxuan.org/yanxuan/H/%E7%9A%87%E5%90%8E%E4%B8%87%E5%AE%89/%E5%8F%8C%E5%90%91%E5%A5%94%E8%B5%B4/,articles/0079-双向奔赴.txt,ok,11506,
80,室友偷偷用我的照片网恋,2025-11-02,https://www.yanxuan.org/yanxuan/Q/%E6%B8%85%E6%B0%B4%E8%80%B6%E8%80%B6/%E5%AE%A4%E5%8F%8B%E5%81%B7%E5%81%B7%E7%94%A8%E6%88%91%E7%9A%84%E7%85%A7%E7%89%87%E7%BD%91%E6%81%8B/,articles/0080-室友偷偷用我的照片网恋.txt,ok,12002,
81,双向奔赴的病情,2025-11-02,https://www.yanxuan.org/yanxuan/S/%E6%B7%91%E8%8A%AC%E5%84%BF%E5%88%AB%E8%BF%99%E6%A0%B7/%E5%8F%8C%E5%90%91%E5%A5%94%E8%B5%B4%E7%9A%84%E7%97%85%E6%83%85/,articles/0081-双向奔赴的病情.txt,ok,11288,
82,不说再见,2025-11-02,https://www.yanxuan.org/yanxuan/Z/%E7%A5%9D%E5%8F%88%E6%AD%8C/%E4%B8%8D%E8%AF%B4%E5%86%8D%E8%A7%81/,articles/0082-不说再见.txt,ok,11108,
83,我在缅北做诈骗,2025-10-11,https://www.yanxuan.org/yanxuan/B/%E5%86%B0%E5%B2%9B%E6%B2%A1%E6%9C%89%E9%9B%AA/%E6%88%91%E5%9C%A8%E7%BC%85%E5%8C%97%E5%81%9A%E8%AF%88%E9%AA%97/,articles/0083-我在缅北做诈骗.txt,ok,15633,
84,绝爱后我风生水起,2025-10-11,https://www.yanxuan.org/yanxuan/Y/%E4%BA%91%E8%88%92%E8%88%92/%E7%BB%9D%E7%88%B1%E5%90%8E%E6%88%91%E9%A3%8E%E7%94%9F%E6%B0%B4%E8%B5%B7/,articles/0084-绝爱后我风生水起.txt,ok,10473,
85,三花猫和黑狼,2025-09-28,https://www.yanxuan.org/yanxuan/N/N%E8%8C%9C%E5%AD%90N/%E4%B8%89%E8%8A%B1%E7%8C%AB%E5%92%8C%E9%BB%91%E7%8B%BC/,articles/0085-三花猫和黑狼.txt,ok,16301,
86,急雨潮潮,2025-09-28,https://www.yanxuan.org/yanxuan/A/%E9%98%BF%E8%8A%99/%E6%80%A5%E9%9B%A8%E6%BD%AE%E6%BD%AE/,articles/0086-急雨潮潮.txt,ok,18402,
87,穿成了叛逆期男主的貌美前女友,2025-09-28,https://www.yanxuan.org/yanxuan/B/%E5%B8%83%E8%95%BE%E8%84%86%E8%84%86%E5%A5%B6%E8%8A%99/%E7%A9%BF%E6%88%90%E4%BA%86%E5%8F%9B%E9%80%86%E6%9C%9F%E7%94%B7%E4%B8%BB%E7%9A%84%E8%B2%8C%E7%BE%8E%E5%89%8D%E5%A5%B3%E5%8F%8B/,articles/0087-穿成了叛逆期男主的貌美前女友.txt,ok,11499,
88,窥伺校草被发现后,2025-09-28,https://www.yanxuan.org/yanxuan/E/%E6%81%B6%E6%AF%92%E8%9B%87%E8%9D%8E%E5%BF%83/%E7%AA%A5%E4%BC%BA%E6%A0%A1%E8%8D%89%E8%A2%AB%E5%8F%91%E7%8E%B0%E5%90%8E/,articles/0088-窥伺校草被发现后.txt,ok,11022,
89,小狗蛇寻爱记,2025-09-28,https://www.yanxuan.org/yanxuan/E/%E8%80%B3%E9%B1%BC/%E5%B0%8F%E7%8B%97%E8%9B%87%E5%AF%BB%E7%88%B1%E8%AE%B0/,articles/0089-小狗蛇寻爱记.txt,ok,12236,
90,沈总，别追了,2025-09-28,https://www.yanxuan.org/yanxuan/H/%E8%8A%B1%E8%8A%B1%E9%98%B3/%E6%B2%88%E6%80%BB%E5%88%AB%E8%BF%BD%E4%BA%86/,articles/0090-沈总，别追了.txt,ok,11929,
91,假女主和真太阳,2025-09-28,https://www.yanxuan.org/yanxuan/L/%E8%8D%94%E6%9E%9D%E5%86%BB%E5%A5%B6/%E5%81%87%E5%A5%B3%E4%B8%BB%E5%92%8C%E7%9C%9F%E5%A4%AA%E9%98%B3/,articles/0091-假女主和真太阳.txt,ok,31542,
92,误把 PO 文发给老板后,2025-09-28,https://www.yanxuan.org/yanxuan/N/%E4%BD%A0%E5%B0%B1%E6%98%AF%E8%BF%9C%E6%96%B9/%E8%AF%AF%E6%8A%8A-PO-%E6%96%87%E5%8F%91%E7%BB%99%E8%80%81%E6%9D%BF%E5%90%8E/,articles/0092-误把 PO 文发给老板后.txt,ok,15341,
93,两件遗物,2025-09-28,https://www.yanxuan.org/yanxuan/Q/%E8%8A%AA%E8%8A%B7%E4%BA%8E%E8%98%85/%E4%B8%A4%E4%BB%B6%E9%81%97%E7%89%A9/,articles/0093-两件遗物.txt,ok,15352,
94,青蘅,2025-09-28,https://www.yanxuan.org/yanxuan/S/%E7%9B%9B%E5%A4%8F%E7%94%98%E6%A3%A0/%E9%9D%92%E8%98%85/,articles/0094-青蘅.txt,ok,10004,
95,樱花树下,2025-09-28,https://www.yanxuan.org/yanxuan/W/%E6%9C%AA%E5%A4%A9%E5%A4%A9/%E6%A8%B1%E8%8A%B1%E6%A0%91%E4%B8%8B/,articles/0095-樱花树下.txt,ok,12483,
96,江州辞,2025-09-28,https://www.yanxuan.org/yanxuan/W/%E6%B8%A9%E6%97%B6/%E6%B1%9F%E5%B7%9E%E8%BE%9E/,articles/0096-江州辞.txt,ok,10710,
97,失控,2025-09-28,https://www.yanxuan.org/yanxuan/W/%E6%97%A0%E7%97%95/%E5%A4%B1%E6%8E%A7/,articles/0097-失控.txt,ok,12730,
98,继兄失忆后我看到了弹幕,2025-09-28,https://www.yanxuan.org/yanxuan/X/%E5%B0%8F%E8%A5%BF%E8%89%BE/%E7%BB%A7%E5%85%84%E5%A4%B1%E5%BF%86%E5%90%8E%E6%88%91%E7%9C%8B%E5%88%B0%E4%BA%86%E5%BC%B9%E5%B9%95/,articles/0098-继兄失忆后我看到了弹幕.txt,ok,13951,
99,非典型乖乖女,2025-09-28,https://www.yanxuan.org/yanxuan/Z/%E6%9E%95/%E9%9D%9E%E5%85%B8%E5%9E%8B%E4%B9%96%E4%B9%96%E5%A5%B3/,articles/0099-非典型乖乖女.txt,ok,12665,
100,凤鸟还巢,2025-09-28,https://www.yanxuan.org/yanxuan/Z/%E4%B9%8B%E4%BA%BF/%E5%87%A4%E9%B8%9F%E8%BF%98%E5%B7%A2/,articles/0100-凤鸟还巢.txt,ok,28021,
101,以爱为名,2025-09-25,https://www.yanxuan.org/yanxuan/B/%E5%8C%97%E7%93%9C/%E4%BB%A5%E7%88%B1%E4%B8%BA%E5%90%8D/,articles/0101-以爱为名.txt,ok,13306,
102,成为万人迷的高级助理,2025-09-25,https://www.yanxuan.org/yanxuan/C/%E6%88%90%E4%B8%BA%E4%B8%87%E4%BA%BA%E8%BF%B7%E7%9A%84%E9%AB%98%E7%BA%A7%E5%8A%A9%E7%90%86/,articles/0102-成为万人迷的高级助理.txt,ok,8131,
103,顶级厨神勇闯修仙界,2025-09-25,https://www.yanxuan.org/yanxuan/G/%E5%BD%92%E6%B5%B7%E4%B8%9C%E5%AE%B9/%E9%A1%B6%E7%BA%A7%E5%8E%A8%E7%A5%9E%E5%8B%87%E9%97%AF%E4%BF%AE%E4%BB%99%E7%95%8C/,articles/0103-顶级厨神勇闯修仙界.txt,ok,11299,
104,工科班里的小公主,2025-09-25,https://www.yanxuan.org/yanxuan/H/%E7%81%B0%E7%8C%AB%E5%A4%A7%E7%8E%8B/%E5%B7%A5%E7%A7%91%E7%8F%AD%E9%87%8C%E7%9A%84%E5%B0%8F%E5%85%AC%E4%B8%BB/,articles/0104-工科班里的小公主.txt,ok,10909,
105,兰香掷怀,2025-09-25,https://www.yanxuan.org/yanxuan/L/%E8%BE%A3%E7%8E%89%E5%AD%90/%E5%85%B0%E9%A6%99%E6%8E%B7%E6%80%80/,articles/0105-兰香掷怀.txt,ok,19543,
106,救赎反派失败后我死遁了,2025-09-25,https://www.yanxuan.org/yanxuan/L/%E4%B8%B4%E6%B7%AE%E5%8D%8A%E5%B1%B1/%E6%95%91%E8%B5%8E%E5%8F%8D%E6%B4%BE%E5%A4%B1%E8%B4%A5%E5%90%8E%E6%88%91%E6%AD%BB%E9%81%81%E4%BA%86/,articles/0106-救赎反派失败后我死遁了.txt,ok,10996,
107,男友觊觎兄弟的女人,2025-09-25,https://www.yanxuan.org/yanxuan/N/%E7%94%B7%E5%8F%8B%E8%A7%8A%E8%A7%8E%E5%85%84%E5%BC%9F%E7%9A%84%E5%A5%B3%E4%BA%BA/,articles/0107-男友觊觎兄弟的女人.txt,ok,11987,
108,闺蜜是芭比孩,2025-09-25,https://www.yanxuan.org/yanxuan/S/%E8%8B%8F%E6%89%93%E6%9F%A0%E6%AA%AC%E7%BB%BF/%E9%97%BA%E8%9C%9C%E6%98%AF%E8%8A%AD%E6%AF%94%E5%AD%A9/,articles/0108-闺蜜是芭比孩.txt,ok,11354,
109,归去,2025-09-25,https://www.yanxuan.org/yanxuan/T/%E8%B8%8F%E9%9B%AA%E6%B3%A5/%E5%BD%92%E5%8E%BB/,articles/0109-归去.txt,ok,11586,
110,以爱为名,2025-09-25,https://www.yanxuan.org/yanxuan/W/%E5%AE%9B%E5%AE%9B/%E4%BB%A5%E7%88%B1%E4%B8%BA%E5%90%8D/,articles/0110-以爱为名.txt,ok,13347,
111,我觊觎美貌太傅那些年,2025-09-25,https://www.yanxuan.org/yanxuan/W/%E4%B8%BA%E4%B8%BA%E6%AD%A6%E5%8A%9F%E7%9B%96%E4%B8%96/%E6%88%91%E8%A7%8A%E8%A7%8E%E7%BE%8E%E8%B2%8C%E5%A4%AA%E5%82%85%E9%82%A3%E4%BA%9B%E5%B9%B4/,articles/0111-我觊觎美貌太傅那些年.txt,ok,14429,
112,我纳的小赘夫又生气了,2025-09-25,https://www.yanxuan.org/yanxuan/W/%E6%88%91%E7%BA%B3%E7%9A%84%E5%B0%8F%E8%B5%98%E5%A4%AB%E5%8F%88%E7%94%9F%E6%B0%94%E4%BA%86/,articles/0112-我纳的小赘夫又生气了.txt,ok,10532,
113,得偿所愿,2025-09-25,https://www.yanxuan.org/yanxuan/X/%E5%98%BB%E5%98%BB%E5%93%88%E5%93%88%E5%8F%88%E4%B8%80%E5%A4%A9/%E5%BE%97%E5%81%BF%E6%89%80%E6%84%BF/,articles/0113-得偿所愿.txt,ok,13127,
114,当合欢宗笨蛋遇上无情道学霸,2025-09-25,https://www.yanxuan.org/yanxuan/X/%E5%B0%8F%E5%91%86%E5%91%86%E8%8F%9C%E9%B8%A1/%E5%BD%93%E5%90%88%E6%AC%A2%E5%AE%97%E7%AC%A8%E8%9B%8B%E9%81%87%E4%B8%8A%E6%97%A0%E6%83%85%E9%81%93%E5%AD%A6%E9%9C%B8/,articles/0114-当合欢宗笨蛋遇上无情道学霸.txt,ok,10693,
115,月桃晚枝,2025-09-25,https://www.yanxuan.org/yanxuan/Y/%E8%8A%8B%E6%B3%A5%E9%BA%BB%E8%96%AF%E7%B3%AF%E7%B1%B3%E7%B3%8D/%E6%9C%88%E6%A1%83%E6%99%9A%E6%9E%9D/,articles/0115-月桃晚枝.txt,ok,12042,
116,自作孽,2025-09-25,https://www.yanxuan.org/yanxuan/Y/%E5%85%83%E5%85%83%E6%BB%A1%E6%BB%A1/%E8%87%AA%E4%BD%9C%E5%AD%BD/,articles/0116-自作孽.txt,ok,16124,
117,3心动者偏差,2025-09-25,https://www.yanxuan.org/yanxuan/Y/%E8%B6%8A%E8%BD%A8%E5%BF%83%E5%8A%A8%E9%94%99%E4%BD%8D%E7%9A%84%E7%83%AD%E6%81%8B%E6%97%B6%E5%B7%AE/3%E5%BF%83%E5%8A%A8%E8%80%85%E5%81%8F%E5%B7%AE/,articles/0117-3心动者偏差.txt,ok,16991,
118,不是哥们，我男的,2025-09-25,https://www.yanxuan.org/yanxuan/Z/%E7%A8%9A%E7%91%B6/%E4%B8%8D%E6%98%AF%E5%93%A5%E4%BB%AC%E6%88%91%E7%94%B7%E7%9A%84/,articles/0118-不是哥们，我男的.txt,ok,12987,
119,失忆人夫上位计划,2025-09-18,https://www.yanxuan.org/yanxuan/A/%E7%88%B1%E5%90%83%E7%B3%96/%E5%A4%B1%E5%BF%86%E4%BA%BA%E5%A4%AB%E4%B8%8A%E4%BD%8D%E8%AE%A1%E5%88%92/,articles/0119-失忆人夫上位计划.txt,ok,11864,
120,月亮奔我而来,2025-09-18,https://www.yanxuan.org/yanxuan/C/%E8%A4%9A%E5%8F%88/%E6%9C%88%E4%BA%AE%E5%A5%94%E6%88%91%E8%80%8C%E6%9D%A5/,articles/0120-月亮奔我而来.txt,ok,11427,
121,顶流弟弟是社恐,2025-09-18,https://www.yanxuan.org/yanxuan/D/%E9%A1%B6%E6%B5%81%E5%BC%9F%E5%BC%9F%E6%98%AF%E7%A4%BE%E6%81%90/,articles/0121-顶流弟弟是社恐.txt,ok,10034,
122,继兄是个恋爱脑,2025-09-18,https://www.yanxuan.org/yanxuan/G/%E5%98%8E%E5%98%8E%E4%B9%90/%E7%BB%A7%E5%85%84%E6%98%AF%E4%B8%AA%E6%81%8B%E7%88%B1%E8%84%91/,articles/0122-继兄是个恋爱脑.txt,ok,11615,
123,竹马让我复读后,2025-09-18,https://www.yanxuan.org/yanxuan/G/%E6%9B%B4%E8%BF%98%E7%94%9F/%E7%AB%B9%E9%A9%AC%E8%AE%A9%E6%88%91%E5%A4%8D%E8%AF%BB%E5%90%8E/,articles/0123-竹马让我复读后.txt,ok,11341,
124,学生成为顶流后，综艺控诉我霸凌,2025-09-18,https://www.yanxuan.org/yanxuan/J/%E5%A7%9C%E6%97%A9%E6%97%A9/%E5%AD%A6%E7%94%9F%E6%88%90%E4%B8%BA%E9%A1%B6%E6%B5%81%E5%90%8E%E7%BB%BC%E8%89%BA%E6%8E%A7%E8%AF%89%E6%88%91%E9%9C%B8%E5%87%8C/,articles/0124-学生成为顶流后，综艺控诉我霸凌.txt,ok,12543,
125,长恨,2025-09-18,https://www.yanxuan.org/yanxuan/L/%E6%8F%BD%E6%88%90/%E9%95%BF%E6%81%A8/,articles/0125-长恨.txt,ok,10538,
126,黎梨缓缓归,2025-09-18,https://www.yanxuan.org/yanxuan/M/%E9%BA%BB%E8%BE%A3%E5%A4%AA%E5%A6%83%E7%B3%96/%E9%BB%8E%E6%A2%A8%E7%BC%93%E7%BC%93%E5%BD%92/,articles/0126-黎梨缓缓归.txt,ok,13260,
127,漂流瓶的花语,2025-09-18,https://www.yanxuan.org/yanxuan/P/%E6%BC%82%E6%B5%81%E7%93%B6%E7%9A%84%E8%8A%B1%E8%AF%AD/,articles/0127-漂流瓶的花语.txt,ok,12939,
128,不该,2025-09-18,https://www.yanxuan.org/yanxuan/T/%E7%94%9C%E5%93%87/%E4%B8%8D%E8%AF%A5/,articles/0128-不该.txt,ok,11691,
129,贫困生带全班吃9.9元的自助餐,2025-09-18,https://www.yanxuan.org/yanxuan/X/%E8%A5%BF%E6%A0%80/%E8%B4%AB%E5%9B%B0%E7%94%9F%E5%B8%A6%E5%85%A8%E7%8F%AD%E5%90%839.9%E5%85%83%E7%9A%84%E8%87%AA%E5%8A%A9%E9%A4%90/,articles/0129-贫困生带全班吃9.9元的自助餐.txt,ok,10979,
130,忘本系列：给个机会,2025-09-18,https://www.yanxuan.org/yanxuan/X/%E6%98%9F%E6%9C%88/%E5%BF%98%E6%9C%AC%E7%B3%BB%E5%88%97%E7%BB%99%E4%B8%AA%E6%9C%BA%E4%BC%9A/,articles/0130-忘本系列：给个机会.txt,ok,11918,
131,冷战七年后他求我复合,2025-09-18,https://www.yanxuan.org/yanxuan/Y/%E4%B8%80%E4%B8%9D%E7%AB%B9/%E5%86%B7%E6%88%98%E4%B8%83%E5%B9%B4%E5%90%8E%E4%BB%96%E6%B1%82%E6%88%91%E5%A4%8D%E5%90%88/,articles/0131-冷战七年后他求我复合.txt,ok,8854,
132,对白眼狼不要心软,2025-09-18,https://www.yanxuan.org/yanxuan/Y/%E8%90%A4%E7%81%AB%E5%9D%A0%E6%A2%A6%E6%B2%B3/%E5%AF%B9%E7%99%BD%E7%9C%BC%E7%8B%BC%E4%B8%8D%E8%A6%81%E5%BF%83%E8%BD%AF/,articles/0132-对白眼狼不要心软.txt,ok,12408,
133,作精阔太逆袭了,2025-09-18,https://www.yanxuan.org/yanxuan/Z/%E4%BD%9C%E7%B2%BE%E9%98%94%E5%A4%AA%E9%80%86%E8%A2%AD%E4%BA%86/,articles/0133-作精阔太逆袭了.txt,ok,14406,
134,14直球恋爱法,2025-09-15,https://www.yanxuan.org/yanxuan/Z/14%E7%9B%B4%E7%90%83%E6%81%8B%E7%88%B1%E6%B3%95/,articles/0134-14直球恋爱法.txt,ok,19645,
135,50岁岁良辰年年鑫,2025-09-15,https://www.yanxuan.org/yanxuan/S/50%E5%B2%81%E5%B2%81%E8%89%AF%E8%BE%B0%E5%B9%B4%E5%B9%B4%E9%91%AB/,articles/0135-50岁岁良辰年年鑫.txt,ok,18663,
136,一梦别相思,2025-09-15,https://www.yanxuan.org/yanxuan/B/%E7%99%BD%E5%9B%A2%E8%8A%9D%E9%BA%BB%E5%9C%86/%E4%B8%80%E6%A2%A6%E5%88%AB%E7%9B%B8%E6%80%9D/,articles/0136-一梦别相思.txt,ok,11277,
137,弹幕说我们会BE,2025-09-15,https://www.yanxuan.org/yanxuan/D/%E5%BC%B9%E5%B9%95%E8%AF%B4%E6%88%91%E4%BB%AC%E4%BC%9ABE/,articles/0137-弹幕说我们会BE.txt,ok,11709,
138,轻轻想你,2025-09-15,https://www.yanxuan.org/novel/H/%E7%A6%BE%E4%B8%80/%E8%BD%BB%E8%BD%BB%E6%83%B3%E4%BD%A0/,articles/0138-轻轻想你.txt,ok,117410,
139,捡漏大佬后，我躺赢了,2025-09-15,https://www.yanxuan.org/yanxuan/H/%E4%BC%9A%E4%B8%AD%E5%BD%A9%E7%A5%A8%E7%9A%84%E9%9D%93/%E6%8D%A1%E6%BC%8F%E5%A4%A7%E4%BD%AC%E5%90%8E%E6%88%91%E8%BA%BA%E8%B5%A2%E4%BA%86/,articles/0139-捡漏大佬后，我躺赢了.txt,ok,12336,
140,她是猫猫,2025-09-15,https://www.yanxuan.org/yanxuan/J/%E5%A7%9C%E7%B3%96%E7%A7%8B/%E5%A5%B9%E6%98%AF%E7%8C%AB%E7%8C%AB/,articles/0140-她是猫猫.txt,ok,12516,
141,毒舌友的区别对待,2025-09-15,https://www.yanxuan.org/yanxuan/J/%E5%B0%BD%E9%98%B3/%E6%AF%92%E8%88%8C%E5%8F%8B%E7%9A%84%E5%8C%BA%E5%88%AB%E5%AF%B9%E5%BE%85/,articles/0141-毒舌友的区别对待.txt,ok,10614,
142,左柚,2025-09-15,https://www.yanxuan.org/yanxuan/K/%E5%8F%AF%E4%B9%90%E5%8A%A0%E5%86%B0%E6%9B%B4%E5%A5%BD%E5%96%9D/%E5%B7%A6%E6%9F%9A/,articles/0142-左柚.txt,ok,12904,
143,揣上蛇崽后，我跑路了,2025-09-15,https://www.yanxuan.org/yanxuan/M/%E7%A0%81%E5%AD%97%E5%87%BA%E5%A5%87%E8%BF%B9/%E6%8F%A3%E4%B8%8A%E8%9B%87%E5%B4%BD%E5%90%8E%E6%88%91%E8%B7%91%E8%B7%AF%E4%BA%86/,articles/0143-揣上蛇崽后，我跑路了.txt,ok,9776,
144,媚男的班主任,2025-09-15,https://www.yanxuan.org/yanxuan/M/%E5%AA%9A%E7%94%B7%E7%9A%84%E7%8F%AD%E4%B8%BB%E4%BB%BB/,articles/0144-媚男的班主任.txt,ok,11630,
145,梦十年,2025-09-15,https://www.yanxuan.org/yanxuan/M/%E6%A2%A6%E5%8D%81%E5%B9%B4/,articles/0145-梦十年.txt,ok,14328,
146,黯生,2025-09-15,https://www.yanxuan.org/yanxuan/N/%E5%8D%97%E4%B8%80/%E9%BB%AF%E7%94%9F/,articles/0146-黯生.txt,ok,11868,
147,误把杀手当模,2025-09-15,https://www.yanxuan.org/yanxuan/Q/%E9%A1%B7%E6%84%89/%E8%AF%AF%E6%8A%8A%E6%9D%80%E6%89%8B%E5%BD%93%E6%A8%A1/,articles/0147-误把杀手当模.txt,ok,12141,
148,桥归路,2025-09-15,https://www.yanxuan.org/yanxuan/S/%E8%8B%8F%E6%B8%85%E7%A6%BE/%E6%A1%A5%E5%BD%92%E8%B7%AF/,articles/0148-桥归路.txt,ok,11232,
149,我最纯恨那些年,2025-09-15,https://www.yanxuan.org/yanxuan/W/%E6%88%91%E6%9C%80%E7%BA%AF%E6%81%A8%E9%82%A3%E4%BA%9B%E5%B9%B4/,articles/0149-我最纯恨那些年.txt,ok,20358,
150,缘浅情深,2025-09-15,https://www.yanxuan.org/yanxuan/Z/%E9%95%BF%E7%94%9F%E5%B0%8F%E7%AC%A8%E7%8B%97/%E7%BC%98%E6%B5%85%E6%83%85%E6%B7%B1/,articles/0150-缘浅情深.txt,ok,11122,
151,重遇初恋,2025-09-15,https://www.yanxuan.org/yanxuan/Z/%E9%87%8D%E9%81%87%E5%88%9D%E6%81%8B/,articles/0151-重遇初恋.txt,ok,13496,
152,装货的上位手册,2025-09-11,https://www.yanxuan.org/yanxuan/C/%E8%B4%A2%E7%A5%9E%E7%88%B7SSR%E5%8D%A1/%E8%A3%85%E8%B4%A7%E7%9A%84%E4%B8%8A%E4%BD%8D%E6%89%8B%E5%86%8C/,articles/0152-装货的上位手册.txt,ok,16638,
153,婚考代替彩礼后，我肠子悔青,2025-09-11,https://www.yanxuan.org/yanxuan/H/%E5%A9%9A%E8%80%83%E4%BB%A3%E6%9B%BF%E5%BD%A9%E7%A4%BC%E5%90%8E%E6%88%91%E8%82%A0%E5%AD%90%E6%82%94%E9%9D%92/,articles/0153-婚考代替彩礼后，我肠子悔青.txt,ok,10520,
154,邻居把我家当成快递点,2025-09-11,https://www.yanxuan.org/yanxuan/L/%E9%82%BB%E5%B1%85%E6%8A%8A%E6%88%91%E5%AE%B6%E5%BD%93%E6%88%90%E5%BF%AB%E9%80%92%E7%82%B9/,articles/0154-邻居把我家当成快递点.txt,ok,10541,
155,装癖和疯狗,2025-09-11,https://www.yanxuan.org/yanxuan/Q/%E9%9D%92%E9%9D%92/%E8%A3%85%E7%99%96%E5%92%8C%E7%96%AF%E7%8B%97/,articles/0155-装癖和疯狗.txt,ok,10277,
156,莫吉托骗局,2025-09-11,https://www.yanxuan.org/yanxuan/S/%E6%B0%B4%E6%9E%9C%E8%8C%B6%E9%87%8C%E5%8A%A0%E8%91%A1%E8%90%84/%E8%8E%AB%E5%90%89%E6%89%98%E9%AA%97%E5%B1%80/,articles/0156-莫吉托骗局.txt,ok,14289,
157,小鬼送财,2025-09-11,https://www.yanxuan.org/yanxuan/X/%E5%B0%8F%E9%AC%BC%E9%80%81%E8%B4%A2/,articles/0157-小鬼送财.txt,ok,11999,
158,项圈,2025-09-11,https://www.yanxuan.org/yanxuan/Y/%E4%B8%80%E4%BA%8B%E6%97%A0%E9%99%88%E5%A3%AB/%E9%A1%B9%E5%9C%88/,articles/0158-项圈.txt,ok,9690,
159,他失信了,2025-09-11,https://www.yanxuan.org/yanxuan/Z/%E5%BC%A0%E8%8B%A5%E5%A6%A4/%E4%BB%96%E5%A4%B1%E4%BF%A1%E4%BA%86/,articles/0159-他失信了.txt,ok,14613,
160,姐，我想逐梦娱乐圈,2025-09-11,https://www.yanxuan.org/yanxuan/Z/%E5%91%A8%E5%91%A8%E6%9C%89%E9%9B%A8/%E5%A7%90%E6%88%91%E6%83%B3%E9%80%90%E6%A2%A6%E5%A8%B1%E4%B9%90%E5%9C%88/,articles/0160-姐，我想逐梦娱乐圈.txt,ok,15125,
161,祈尔繁芜胜常春,2025-09-09,https://www.yanxuan.org/yanxuan/C/%E7%BA%AF%E5%A4%9C/%E7%A5%88%E5%B0%94%E7%B9%81%E8%8A%9C%E8%83%9C%E5%B8%B8%E6%98%A5/,articles/0161-祈尔繁芜胜常春.txt,ok,12622,
162,攻略错任务对象后,2025-09-09,https://www.yanxuan.org/yanxuan/G/%E6%94%BB%E7%95%A5%E9%94%99%E4%BB%BB%E5%8A%A1%E5%AF%B9%E8%B1%A1%E5%90%8E/,articles/0162-攻略错任务对象后.txt,ok,15661,
163,我见青山,2025-09-09,https://www.yanxuan.org/yanxuan/H/%E8%A1%A1%E8%87%A3/%E6%88%91%E8%A7%81%E9%9D%92%E5%B1%B1/,articles/0163-我见青山.txt,ok,12866,
164,最颜控那年,2025-09-09,https://www.yanxuan.org/yanxuan/H/%E4%BC%9A%E4%B8%AD%E5%BD%A9%E7%A5%A8%E7%9A%84%E4%BC%9A%E4%B8%AD%E5%BD%A9%E7%A5%A8%E7%9A%84%E9%9D%93/%E6%9C%80%E9%A2%9C%E6%8E%A7%E9%82%A3%E5%B9%B4/,articles/0164-最颜控那年.txt,ok,10488,
165,桑双,2025-09-09,https://www.yanxuan.org/yanxuan/J/%E5%A7%9C%E5%B0%8F%E7%94%9F/%E6%A1%91%E5%8F%8C/,articles/0165-桑双.txt,ok,19262,
166,不负相思,2025-09-09,https://www.yanxuan.org/yanxuan/L/%E6%9E%97%E7%B1%BD%E7%B1%BD/%E4%B8%8D%E8%B4%9F%E7%9B%B8%E6%80%9D/,articles/0166-不负相思.txt,ok,16033,
